neighborhood,city_name
Western Addition,San Francisco
Bernal Heights,San Francisco
Haight Ashbury,San Francisco
Mission,San Francisco
Bayview,San Francisco
Outer Richmond,San Francisco
Nob Hill,San Francisco
Castro/Upper Market,San Francisco
Inner Richmond,San Francisco
Noe Valley,San Francisco
Pacific Heights,San Francisco
Diamond Heights,San Francisco
Outer Mission,San Francisco
Twin Peaks,San Francisco
Potrero Hill,San Francisco
Glen Park,San Francisco
Russian Hill,San Francisco
Excelsior,San Francisco
North Beach,San Francisco
Downtown/Civic Center,San Francisco
Inner Sunset,San Francisco
Parkside,San Francisco
Outer Sunset,San Francisco
South of Market,San Francisco
West of Twin Peaks,San Francisco
Presidio Heights,San Francisco
Ocean View,San Francisco
Visitacion Valley,San Francisco
Crocker Amazon,San Francisco
Presidio,San Francisco
Seacliff,San Francisco
Historic Anacostia,Washington D.C.
"Capitol Hill, Lincoln Park",Washington D.C.
"Howard University, Le Droit Park, Cardozo/Shaw",Washington D.C.
"Dupont Circle, Connecticut Avenue/K Street",Washington D.C.
"Brightwood Park, Crestwood, Petworth",Washington D.C.
"Takoma, Brightwood, Manor Park",Washington D.C.
"Edgewood, Bloomingdale, Truxton Circle, Eckington",Washington D.C.
"Shaw, Logan Circle",Washington D.C.
"Congress Heights, Bellevue, Washington Highlands",Washington D.C.
"Colonial Village, Shepherd Park, North Portal Estates",Washington D.C.
"Lamont Riggs, Queens Chapel, Fort Totten, Pleasant Hill",Washington D.C.
"Columbia Heights, Mt. Pleasant, Pleasant Plains, Park View",Washington D.C.
"Friendship Heights, American University Park, Tenleytown",Washington D.C.
"Kalorama Heights, Adams Morgan, Lanier Heights",Washington D.C.
"West End, Foggy Bottom, GWU",Washington D.C.
"Brookland, Brentwood, Langdon",Washington D.C.
"Union Station, Stanton Park, Kingman Park",Washington D.C.
"Georgetown, Burleith/Hillandale",Washington D.C.
"Capitol View, Marshall Heights, Benning Heights",Washington D.C.
"Douglas, Shipley Terrace",Washington D.C.
"Southwest Employment Area, Southwest/Waterfront, Fort McNair, Buzzard Point",Washington D.C.
"Cleveland Park, Woodley Park, Massachusetts Avenue Heights, Woodland-Normanstone Terrace",Washington D.C.
"Cathedral Heights, McLean Gardens, Glover Park",Washington D.C.
"Hawthorne, Barnaby Woods, Chevy Chase",Washington D.C.
"North Michigan Park, Michigan Park, University Heights",Washington D.C.
"Downtown, Chinatown, Penn Quarters, Mount Vernon Square, North Capitol Street",Washington D.C.
"North Cleveland Park, Forest Hills, Van Ness",Washington D.C.
"Spring Valley, Palisades, Wesley Heights, Foxhall Crescent, Foxhall Village, Georgetown Reservoir",Washington D.C.
"Mayfair, Hillbrook, Mahaning Heights",Washington D.C.
"Ivy City, Arboretum, Trinidad, Carver Langston",Washington D.C.
"Deanwood, Burrville, Grant Park, Lincoln Heights, Fairmont Heights",Washington D.C.
"River Terrace, Benning, Greenway, Dupont Park",Washington D.C.
"Fairfax Village, Naylor Gardens, Hillcrest, Summit Park",Washington D.C.
"Eastland Gardens, Kenilworth",Washington D.C.
"Near Southeast, Navy Yard",Washington D.C.
"Twining, Fairlawn, Randle Highlands, Penn Branch, Fort Davis Park, Fort Dupont",Washington D.C.
"Sheridan, Barry Farm, Buena Vista",Washington D.C.
"Woodland/Fort Stanton, Garfield Heights, Knox Hill",Washington D.C.
"Woodridge, Fort Lincoln, Gateway",Washington D.C.
Prescott,Oakland
Oakland Ave-Harrison St,Oakland
Piedmont Avenue,Oakland
Upper Rockridge,Oakland
Shafter,Oakland
Temescal,Oakland
Bushrod,Oakland
Upper Dimond,Oakland
Millsmont,Oakland
Merriwood,Oakland
Adams Point,Oakland
Cleveland Heights,Oakland
Rockridge,Oakland
Northgate,Oakland
Forestland,Oakland
Sausal Creek,Oakland
Longfellow,Oakland
Fairview Park,Oakland
Shepherd Canyon,Oakland
Allendale,Oakland
Upper Peralta Creek-Bartlett,Oakland
Mosswood,Oakland
Frick,Oakland
Reservoir Hill-Meadow Brook,Oakland
Lakeshore,Oakland
Clawson,Oakland
Trestle Glen,Oakland
Santa Fe,Oakland
Maxwell Park,Oakland
Paradise Park,Oakland
Piedmont Pines,Oakland
Mountain View Cemetery,Oakland
Sequoyah,Oakland
Redwood Heights,Oakland
Golden Gate,Oakland
South Kennedy Tract,Oakland
Skyline-Hillcrest Estates,Oakland
Glenview,Oakland
Oakmore,Oakland
Old City-Produce And Waterfront,Oakland
Crocker Highland,Oakland
Grand Lake,Oakland
Upper Laurel,Oakland
McClymonds,Oakland
Caballo Hills,Oakland
Lake Merritt,Oakland
Gaskill,Oakland
Tuxedo,Oakland
Merritt,Oakland
Panoramic Hill,Oakland
Chabot Park,Oakland
Lakewide,Oakland
Pill Hill,Oakland
Ivy Hill,Oakland
Sheffield Village,Oakland
South Prescott,Oakland
Bella Vista,Oakland
Eastmont Hills,Oakland
San Pablo Gateway,Oakland
North Stonehurst,Oakland
Hiller Highlands,Oakland
Produce And Waterfront,Oakland
Toler Heights,Oakland
Ralph Bunche,Oakland
Lincoln Highlands,Oakland
Coliseum,Oakland
Highland Terrace,Oakland
Durant Manor,Oakland
Golf Links,Oakland
Woodminster,Oakland
Fairfax Business-Wentworth-Holland,Oakland
Brookfield Village,Oakland
Hoover-Foster,Oakland
Oak Center,Oakland
Clinton,Oakland
Lynn-Highland Park,Oakland
Dimond,Oakland
Leona Heights,Oakland
Laurel,Oakland
School,Oakland
Iveywood,Oakland
Fitchburg,Oakland
Lockwood Tevis,Oakland
Glen Highlands,Oakland
Harrington,Oakland
Arroyo Viejo,Oakland
Acorn-Acorn Industrial,Oakland
Patten,Oakland
Rancho San Antonio,Oakland
East Peralta,Oakland
Bancroft Business-Havenscourt,Oakland
Peralta-Hacienda,Oakland
Crestmont,Oakland
Castlemont,Oakland
Sobrante Park,Oakland
Fruitvale Station,Oakland
Saint Elizabeth,Oakland
Eastmont,Oakland
Jefferson,Oakland
Hegenberger,Oakland
Bartlett,Oakland
Seminary,Oakland
Oak Tree,Oakland
Woodland,Oakland
Foothill Square,Oakland
Waverly,Oakland
Mills College,Oakland
North Kennedy Tract,Oakland
Columbia Gardens,Oakland
Elmhurst Park,Oakland
Ward C (councilmember Richard Boggiano),Jersey City
Ward F (councilmember Jermaine D. Robinson),Jersey City
Ward E (councilmember James Solomon),Jersey City
Ward B (councilmember Mira Prinz-Arey),Jersey City
Ward D (councilmember Michael Yun),Jersey City
Ward A (councilmember Denise Ridley),Jersey City
Leonidas,New Orleans
Bywater,New Orleans
St. Roch,New Orleans
Seventh Ward,New Orleans
Marigny,New Orleans
Central City,New Orleans
Freret,New Orleans
Fillmore,New Orleans
East Riverside,New Orleans
Treme - Lafitte,New Orleans
Irish Channel,New Orleans
French Quarter,New Orleans
Whitney,New Orleans
Audubon,New Orleans
Lower Garden District,New Orleans
St. Thomas Dev,New Orleans
Broadmoor,New Orleans
Bayou St. John,New Orleans
Fairgrounds,New Orleans
Garden District,New Orleans
Holy Cross,New Orleans
East Carrollton,New Orleans
St. Claude,New Orleans
West Riverside,New Orleans
Algiers Point,New Orleans
Black Pearl,New Orleans
Gentilly Terrace,New Orleans
Lakeview,New Orleans
Tulane - Gravier,New Orleans
Marlyville - Fontainbleau,New Orleans
Hollygrove,New Orleans
Milan,New Orleans
Touro,New Orleans
Navarre,New Orleans
Dillard,New Orleans
Mcdonogh,New Orleans
Milneburg,New Orleans
Lake Terrace & Oaks,New Orleans
St.  Anthony,New Orleans
Gentilly Woods,New Orleans
Little Woods,New Orleans
Pines Village,New Orleans
Pontchartrain Park,New Orleans
Behrman,New Orleans
Old Aurora,New Orleans
Gert Town,New Orleans
Desire Area,New Orleans
Florida Area,New Orleans
Read Blvd East,New Orleans
Lake Catherine,New Orleans
Tall Timbers - Brechtel,New Orleans
St. Bernard Area,New Orleans
Lower Ninth Ward,New Orleans
New Aurora - English Turn,New Orleans
Plum Orchard,New Orleans
B. W. Cooper,New Orleans
Lakeshore - Lake Vista,New Orleans
Read Blvd West,New Orleans
Dixon,New Orleans
U.S. Naval Base,New Orleans
West Lake Forest,New Orleans
Village De Lest,New Orleans
Pomona,Los Angeles
Castaic Canyons,Los Angeles
Rancho Palos Verdes,Los Angeles
Malibu,Los Angeles
San Pedro,Los Angeles
Diamond Bar,Los Angeles
West Compton,Los Angeles
Northeast Antelope Valley,Los Angeles
West Carson,Los Angeles
Unincorporated Santa Susana Mountains,Los Angeles
Lomita,Los Angeles
Norwalk,Los Angeles
Rolling Hills Estates,Los Angeles
Lancaster,Los Angeles
Artesia,Los Angeles
Bellflower,Los Angeles
La Puente,Los Angeles
Gardena,Los Angeles
Downey,Los Angeles
Palmdale,Los Angeles
Southeast Antelope Valley,Los Angeles
Unincorporated Santa Monica Mountains,Los Angeles
Lynwood,Los Angeles
Santa Clarita,Los Angeles
Walnut,Los Angeles
Bell Gardens,Los Angeles
Carson,Los Angeles
San Fernando,Los Angeles
Palos Verdes Estates,Los Angeles
Acton,Los Angeles
Quartz Hill,Los Angeles
Stevenson Ranch,Los Angeles
Porter Ranch,Los Angeles
Vermont Knolls,Los Angeles
Northridge,Los Angeles
Granada Hills,Los Angeles
Hawaiian Gardens,Los Angeles
Monterey Park,Los Angeles
Hacienda Heights,Los Angeles
Torrance,Los Angeles
Rowland Heights,Los Angeles
South San Gabriel,Los Angeles
Montebello,Los Angeles
West Covina,Los Angeles
Agoura Hills,Los Angeles
Vermont Square,Los Angeles
Florence-Firestone,Los Angeles
Pacific Palisades,Los Angeles
Brentwood,Los Angeles
Hawthorne,Los Angeles
Reseda,Los Angeles
Encino,Los Angeles
La Verne,Los Angeles
Claremont,Los Angeles
Redondo Beach,Los Angeles
Boyle Heights,Los Angeles
Lakewood,Los Angeles
Altadena,Los Angeles
Long Beach,Los Angeles
Ridge Route,Los Angeles
Hollywood Hills,Los Angeles
Venice,Los Angeles
Alhambra,Los Angeles
Santa Monica,Los Angeles
Mar Vista,Los Angeles
Hollywood Hills West,Los Angeles
West Hollywood,Los Angeles
Pasadena,Los Angeles
Sherman Oaks,Los Angeles
East Hollywood,Los Angeles
Mid-Wilshire,Los Angeles
Beverly Hills,Los Angeles
Carthay,Los Angeles
Echo Park,Los Angeles
North Hollywood,Los Angeles
East Los Angeles,Los Angeles
Glendora,Los Angeles
Lopez/Kagel Canyons,Los Angeles
Agua Dulce,Los Angeles
Beverly Crest,Los Angeles
Bell,Los Angeles
Pico-Robertson,Los Angeles
Marina del Rey,Los Angeles
Wilmington,Los Angeles
San Gabriel,Los Angeles
Green Meadows,Los Angeles
Burbank,Los Angeles
Broadway-Manchester,Los Angeles
Sylmar,Los Angeles
East San Gabriel,Los Angeles
Vermont Vista,Los Angeles
Valley Glen,Los Angeles
Fairfax,Los Angeles
Watts,Los Angeles
Beverly Grove,Los Angeles
Compton,Los Angeles
Pacoima,Los Angeles
Commerce,Los Angeles
Pico Rivera,Los Angeles
South Whittier,Los Angeles
South San Jose Hills,Los Angeles
El Sereno,Los Angeles
Rosemead,Los Angeles
Unincorporated Catalina Island,Los Angeles
El Monte,Los Angeles
Harbor Gateway,Los Angeles
Valinda,Los Angeles
Vermont-Slauson,Los Angeles
Huntington Park,Los Angeles
Studio City,Los Angeles
Historic South-Central,Los Angeles
Lake Los Angeles,Los Angeles
West Adams,Los Angeles
Avalon,Los Angeles
Elysian Valley,Los Angeles
Valley Village,Los Angeles
Westlake Village,Los Angeles
Sawtelle,Los Angeles
Cheviot Hills,Los Angeles
Rolling Hills,Los Angeles
Eagle Rock,Los Angeles
Tujunga,Los Angeles
Koreatown,Los Angeles
Temple City,Los Angeles
West Hills,Los Angeles
Arcadia,Los Angeles
Tujunga Canyons,Los Angeles
Cerritos,Los Angeles
Paramount,Los Angeles
Lake Balboa,Los Angeles
La Habra Heights,Los Angeles
South Gate,Los Angeles
Winnetka,Los Angeles
Mission Hills,Los Angeles
San Dimas,Los Angeles
Westchester,Los Angeles
Harvard Heights,Los Angeles
Harbor City,Los Angeles
Westmont,Los Angeles
Topanga,Los Angeles
Adams-Normandie,Los Angeles
Industry,Los Angeles
Citrus,Los Angeles
Canoga Park,Los Angeles
Calabasas,Los Angeles
Exposition Park,Los Angeles
El Segundo,Los Angeles
Gramercy Park,Los Angeles
Woodland Hills,Los Angeles
Duarte,Los Angeles
Santa Fe Springs,Los Angeles
Del Rey,Los Angeles
Baldwin Park,Los Angeles
Playa del Rey,Los Angeles
Inglewood,Los Angeles
Green Valley,Los Angeles
South El Monte,Los Angeles
Atwater Village,Los Angeles
Sunland,Los Angeles
South Pasadena,Los Angeles
Elysian Park,Los Angeles
Toluca Lake,Los Angeles
Charter Oak,Los Angeles
Northwest Antelope Valley,Los Angeles
West Whittier-Los Nietos,Los Angeles
Culver City,Los Angeles
Walnut Park,Los Angeles
Leimert Park,Los Angeles
Playa Vista,Los Angeles
Chesterfield Square,Los Angeles
Azusa,Los Angeles
Los Feliz,Los Angeles
Panorama City,Los Angeles
Palms,Los Angeles
Montecito Heights,Los Angeles
Veterans Administration,Los Angeles
Harvard Park,Los Angeles
Lincoln Heights,Los Angeles
Angeles Crest,Los Angeles
Lawndale,Los Angeles
Windsor Square,Los Angeles
Tarzana,Los Angeles
Del Aire,Los Angeles
Elizabeth Lake,Los Angeles
Lake Hughes,Los Angeles
Ladera Heights,Los Angeles
Rancho Dominguez,Los Angeles
Mid-City,Los Angeles
Universal City,Los Angeles
West Los Angeles,Los Angeles
Castaic,Los Angeles
Pico-Union,Los Angeles
Hancock Park,Los Angeles
Bel-Air,Los Angeles
Shadow Hills,Los Angeles
Signal Hill,Los Angeles
Lennox,Los Angeles
La Crescenta-Montrose,Los Angeles
La Canada Flintridge,Los Angeles
View Park-Windsor Hills,Los Angeles
Sepulveda Basin,Los Angeles
Century City,Los Angeles
Baldwin Hills/Crenshaw,Los Angeles
Hermosa Beach,Los Angeles
Rancho Park,Los Angeles
Manchester Square,Los Angeles
Van Nuys,Los Angeles
Chatsworth,Los Angeles
Maywood,Los Angeles
Leona Valley,Los Angeles
West Puente Valley,Los Angeles
San Pasqual,Los Angeles
Glassell Park,Los Angeles
Mount Washington,Los Angeles
Covina,Los Angeles
Central-Alameda,Los Angeles
Monrovia,Los Angeles
San Marino,Los Angeles
Larchmont,Los Angeles
Val Verde,Los Angeles
Northwest Palmdale,Los Angeles
Avocado Heights,Los Angeles
Mayflower Village,Los Angeles
Irwindale,Los Angeles
Beverlywood,Los Angeles
East Whittier,Los Angeles
Cypress Park,Los Angeles
La Mirada,Los Angeles
Arleta,Los Angeles
Alondra Park,Los Angeles
Hidden Hills,Los Angeles
Sierra Madre,Los Angeles
North Whittier,Los Angeles
East Pasadena,Los Angeles
Athens,Los Angeles
Griffith Park,Los Angeles
North El Monte,Los Angeles
Florence,Los Angeles
Chatsworth Reservoir,Los Angeles
Desert View Highlands,Los Angeles
Vincent,Los Angeles
Sun Village,Los Angeles
Cudahy,Los Angeles
Lake View Terrace,Los Angeles
East Compton,Los Angeles
Hasley Canyon,Los Angeles
Bedford-Stuyvesant,New York City
Upper West Side,New York City
Sunset Park,New York City
Clinton Hill,New York City
Upper East Side,New York City
South Slope,New York City
Hells Kitchen,New York City
Williamsburg,New York City
East Harlem,New York City
West Village,New York City
East Flatbush,New York City
Astoria,New York City
Greenpoint,New York City
Nolita,New York City
Fort Greene,New York City
Prospect Heights,New York City
Boerum Hill,New York City
Harlem,New York City
Greenwich Village,New York City
Kingsbridge,New York City
Bushwick,New York City
Flatbush,New York City
Long Island City,New York City
Lower East Side,New York City
Carroll Gardens,New York City
St. George,New York City
Chelsea,New York City
Park Slope,New York City
Ridgewood,New York City
Mott Haven,New York City
Morningside Heights,New York City
Gowanus,New York City
Crown Heights,New York City
Kips Bay,New York City
Ditmars Steinway,New York City
Middle Village,New York City
Jamaica,New York City
Brooklyn Heights,New York City
Rockaway Beach,New York City
Flatiron District,New York City
Windsor Terrace,New York City
Tribeca,New York City
Clason Point,New York City
Eastchester,New York City
Forest Hills,New York City
Murray Hill,New York City
University Heights,New York City
Gravesend,New York City
Shore Acres,New York City
Allerton,New York City
Richmond Hill,New York City
East New York,New York City
Vinegar Hill,New York City
Prospect-Lefferts Gardens,New York City
Gramercy,New York City
Stuyvesant Town,New York City
Elmhurst,New York City
Sheepshead Bay,New York City
SoHo,New York City
Emerson Hill,New York City
Fort Hamilton,New York City
Bensonhurst,New York City
Maspeth,New York City
Theater District,New York City
Rego Park,New York City
Bayside,New York City
Spuyten Duyvil,New York City
Briarwood,New York City
Battery Park City,New York City
Two Bridges,New York City
Brighton Beach,New York City
Flushing,New York City
Co-op City,New York City
Cobble Hill,New York City
Jackson Heights,New York City
New Springville,New York City
Inwood,New York City
NoHo,New York City
Columbia St,New York City
Cypress Hills,New York City
Mariners Harbor,New York City
East Elmhurst,New York City
Tottenville,New York City
Concord,New York City
Downtown Brooklyn,New York City
Melrose,New York City
College Point,New York City
DUMBO,New York City
City Island,New York City
Bay Ridge,New York City
Red Hook,New York City
Norwood,New York City
Glendale,New York City
Concourse,New York City
Canarsie,New York City
Port Morris,New York City
Longwood,New York City
Financial District,New York City
Flatlands,New York City
Arverne,New York City
Williamsbridge,New York City
Soundview,New York City
Woodhaven,New York City
Parkchester,New York City
Bronxdale,New York City
Borough Park,New York City
Sea Gate,New York City
Ozone Park,New York City
Claremont Village,New York City
Fordham,New York City
Clifton,New York City
Concourse Village,New York City
Huguenot,New York City
Wakefield,New York City
Midwood,New York City
Navy Yard,New York City
Brownsville,New York City
Lighthouse Hill,New York City
Unionport,New York City
Roosevelt Island,New York City
Randall Manor,New York City
South Ozone Park,New York City
Kew Gardens Hills,New York City
Kew Gardens,New York City
Bellerose,New York City
Fresh Meadows,New York City
Morris Park,New York City
Corona,New York City
East Morrisania,New York City
Springfield Gardens,New York City
Tremont,New York City
Jamaica Estates,New York City
West Brighton,New York City
Manhattan Beach,New York City
Marble Hill,New York City
Dongan Hills,New York City
Castleton Corners,New York City
Laurelton,New York City
Hunts Point,New York City
Riverdale,New York City
Howard Beach,New York City
Great Kills,New York City
Pelham Bay,New York City
Silver Lake,New York City
Queens Village,New York City
Morrisania,New York City
Grymes Hill,New York City
Holliswood,New York City
Tompkinsville,New York City
Morris Heights,New York City
New Brighton,New York City
Edgemere,New York City
Pelham Gardens,New York City
Baychester,New York City
Cambria Heights,New York City
Bergen Beach,New York City
Far Rockaway,New York City
Richmondtown,New York City
Olinville,New York City
Dyker Heights,New York City
St. Albans,New York City
Coney Island,New York City
Highbridge,New York City
Howland Hook,New York City
South Beach,New York City
Bath Beach,New York City
Midland Beach,New York City
Oakwood,New York City
Eltingville,New York City
Arrochar,New York City
Hollis,New York City
Fieldston,New York City
Schuylerville,New York City
Mill Basin,New York City
Edenwald,New York City
Whitestone,New York City
Mount Eden,New York City
Throgs Neck,New York City
Fort Wadsworth,New York City
Westchester Square,New York City
Van Nest,New York City
Rosebank,New York City
New Dorp,New York City
Grant City,New York City
Port Richmond,New York City
Neponsit,New York City
North Riverdale,New York City
Willowbrook,New York City
Bayswater,New York City
Douglaston,New York City
New Dorp Beach,New York City
West Farms,New York City
Little Neck,New York City
Arden Heights,New York City
Jamaica Hills,New York City
Princes Bay,New York City
Rossville,New York City
Bulls Head,New York City
Castle Hill,New York City
Belle Harbor,New York City
Westerleigh,New York City
"Chelsea, Staten Island",New York City
Gerritsen Beach,New York City
Breezy Point,New York City
Todt Hill,New York City
Graniteville,New York City
Woodrow,New York City
West Cambridge,Cambridge
North Cambridge,Cambridge
The Port,Cambridge
Riverside,Cambridge
Wellington-Harrington,Cambridge
East Cambridge,Cambridge
Neighborhood Nine,Cambridge
Agassiz,Cambridge
Mid-Cambridge,Cambridge
Cambridgeport,Cambridge
Strawberry Hill,Cambridge
Cambridge Highlands,Cambridge
Area 2/MIT,Cambridge
San Jose,Santa Clara County
Palo Alto,Santa Clara County
Milpitas,Santa Clara County
Santa Clara,Santa Clara County
Los Gatos,Santa Clara County
Saratoga,Santa Clara County
Sunnyvale,Santa Clara County
Campbell,Santa Clara County
Los Altos,Santa Clara County
Cupertino,Santa Clara County
Gilroy,Santa Clara County
Los Altos Hills,Santa Clara County
Morgan Hill,Santa Clara County
Monte Sereno,Santa Clara County
28801,Asheville
28806,Asheville
28804,Asheville
28805,Asheville
28803,Asheville
28704,Asheville
28715,Asheville
28732,Asheville
Ward 1,Salem
Ward 7,Salem
Ward 2,Salem
Ward 8,Salem
Ward 3,Salem
Ward 4,Salem
Ward 5,Salem
Ward 6,Salem
Near North/University,Columbus
Near East,Columbus
Near South,Columbus
Clintonville,Columbus
West Olentangy,Columbus
South Linden,Columbus
Rocky Fork-Blacklick,Columbus
Eastmoor/Walnut Ridge,Columbus
Hayden Run,Columbus
Northland,Columbus
Far Northwest,Columbus
North Linden,Columbus
Far East,Columbus
West Scioto,Columbus
Far West,Columbus
Far South,Columbus
Far North,Columbus
Northeast,Columbus
Southeast,Columbus
Eastland/Brice,Columbus
Greenlawn/Frank Road,Columbus
Franklinton,Columbus
Westland,Columbus
Glocester,Rhode Island
Narragansett,Rhode Island
Providence,Rhode Island
Pawtucket,Rhode Island
South Kingstown,Rhode Island
East Providence,Rhode Island
Little Compton,Rhode Island
Tiverton,Rhode Island
Newport,Rhode Island
Jamestown,Rhode Island
North Kingstown,Rhode Island
Warren,Rhode Island
Bristol,Rhode Island
New Shoreham,Rhode Island
Hopkinton,Rhode Island
Middletown,Rhode Island
Warwick,Rhode Island
Cranston,Rhode Island
Barrington,Rhode Island
Cumberland,Rhode Island
Westerly,Rhode Island
East Greenwich,Rhode Island
Central Falls,Rhode Island
North Providence,Rhode Island
Burrillville,Rhode Island
West Warwick,Rhode Island
Coventry,Rhode Island
Woonsocket,Rhode Island
West Greenwich,Rhode Island
Smithfield,Rhode Island
Lincoln,Rhode Island
Johnston,Rhode Island
Scituate,Rhode Island
Exeter,Rhode Island
North Smithfield,Rhode Island
Little Italy,San Diego
Park West,San Diego
Lynwood Hills,San Diego
Midtown,San Diego
Loma Portal,San Diego
Pacific Beach,San Diego
East Village,San Diego
Gaslamp Quarter,San Diego
Core,San Diego
Ocean Beach,San Diego
North City,San Diego
Mission Bay,San Diego
Rolling Hills Ranch,San Diego
Carmel Valley,San Diego
Talmadge,San Diego
Grantville,San Diego
Kensington,San Diego
Encanto,San Diego
San Ysidro,San Diego
La Jolla,San Diego
Bay Park,San Diego
North Hills,San Diego
Balboa Park,San Diego
Kearny Mesa,San Diego
Grant Hill,San Diego
Normal Heights,San Diego
University City,San Diego
Serra Mesa,San Diego
Paradise Hills,San Diego
West University Heights,San Diego
Northwest,San Diego
City Heights West,San Diego
Old Town,San Diego
City Heights East,San Diego
Bay Terrace,San Diego
La Jolla Village,San Diego
Oak Park,San Diego
Linda Vista,San Diego
Rancho Bernadino,San Diego
Mira Mesa,San Diego
Rancho Penasquitos,San Diego
Clairemont Mesa,San Diego
Otay Ranch,San Diego
Lake Murray,San Diego
Bay Ho,San Diego
Cortez Hill,San Diego
El Cerritos,San Diego
Southwest,San Diego
College Area,San Diego
Rolando,San Diego
Darnall,San Diego
Chollas View,San Diego
Bird Land,San Diego
Roseville,San Diego
Moreno Mission,San Diego
Del Cerro,San Diego
Southcrest,San Diego
Webster,San Diego
Mountain View,San Diego
Sky Line,San Diego
Valencia Park,San Diego
North Clairemont,San Diego
Emerald Hills,San Diego
Palm City,San Diego
Egger Highlands,San Diego
Del Mar Heights,San Diego
Wooded Area,San Diego
Midtown District,San Diego
Mount Hope,San Diego
Amphitheater And Water Park,San Diego
Mission Valley,San Diego
Terra Nova,San Diego
Memorial,San Diego
Gateway,San Diego
Marina,San Diego
Rancho Del Rey,San Diego
Eastlake Trails,San Diego
Tierrasanta,San Diego
East Lake,San Diego
Scripps Ranch,San Diego
Sabre Springs,San Diego
Torrey Pines,San Diego
Sorrento Valley,San Diego
Nestor,San Diego
Columbia,San Diego
Allied Gardens,San Diego
Alta Vista,San Diego
Sunbow,San Diego
Paseo Ranchoero,San Diego
Eastlake Vistas,San Diego
Carmel Mountain,San Diego
Jomacha-Lomita,San Diego
Bario Logan,San Diego
Bonita Long Canyon,San Diego
Estlake Greens,San Diego
Yosemite Dr,San Diego
Tijuana River Valley,San Diego
Thomy Locust Pl,San Diego
Eastlake Woods,San Diego
District 18,Nashville
District 6,Nashville
District 19,Nashville
District 25,Nashville
District 17,Nashville
District 12,Nashville
District 14,Nashville
District 24,Nashville
District 5,Nashville
District 7,Nashville
District 21,Nashville
District 23,Nashville
District 30,Nashville
District 10,Nashville
District 13,Nashville
District 16,Nashville
District 15,Nashville
District 26,Nashville
District 27,Nashville
District 33,Nashville
District 20,Nashville
District 2,Nashville
District 34,Nashville
District 4,Nashville
District 11,Nashville
District 8,Nashville
District 35,Nashville
District 29,Nashville
District 9,Nashville
District 22,Nashville
District 31,Nashville
District 1,Nashville
District 3,Nashville
District 28,Nashville
District 32,Nashville
City of Santa Cruz,Santa Cruz County
City of Capitola,Santa Cruz County
City of Scotts Valley,Santa Cruz County
City of Watsonville,Santa Cruz County
Virginia Village,Denver
Highland,Denver
Cheesman Park,Denver
Five Points,Denver
Platt Park,Denver
Berkeley,Denver
Baker,Denver
Capitol Hill,Denver
North Park Hill,Denver
West Colfax,Denver
West Highland,Denver
Speer,Denver
South Park Hill,Denver
Sloan Lake,Denver
Congress Park,Denver
Hale,Denver
Cherry Creek,Denver
Skyland,Denver
CBD,Denver
Union Station,Denver
Hilltop,Denver
North Capitol Hill,Denver
Washington Virginia Vale,Denver
University,Denver
Clayton,Denver
City Park West,Denver
Country Club,Denver
Bear Valley,Denver
Cory - Merrill,Denver
Hampden South,Denver
Stapleton,Denver
Athmar Park,Denver
Windsor,Denver
Gateway - Green Valley Ranch,Denver
Montclair,Denver
Harvey Park South,Denver
Cole,Denver
Regis,Denver
Rosedale,Denver
Whittier,Denver
Fort Logan,Denver
City Park,Denver
Hampden,Denver
Wellshire,Denver
Goldsmith,Denver
Barnum,Denver
University Hills,Denver
Washington Park West,Denver
Lowry Field,Denver
East Colfax,Denver
Barnum West,Denver
Overland,Denver
Northeast Park Hill,Denver
Ruby Hill,Denver
Civic Center,Denver
Chaffee Park,Denver
Villa Park,Denver
Indian Creek,Denver
Globeville,Denver
Montbello,Denver
College View - South Platte,Denver
Mar Lee,Denver
DIA,Denver
Westwood,Denver
Valverde,Denver
Belcaro,Denver
Harvey Park,Denver
Kennedy,Denver
Auraria,Denver
Elyria Swansea,Denver
Southmoor Park,Denver
Marston,Denver
Sun Valley,Denver
Edgewater,Chicago
North Center,Chicago
West Town,Chicago
Logan Square,Chicago
Pullman,Chicago
Lake View,Chicago
Lincoln Park,Chicago
Irving Park,Chicago
Near South Side,Chicago
West Ridge,Chicago
Near West Side,Chicago
Avondale,Chicago
Bridgeport,Chicago
Kenwood,Chicago
Humboldt Park,Chicago
Loop,Chicago
Lower West Side,Chicago
Uptown,Chicago
Lincoln Square,Chicago
Portage Park,Chicago
Washington Park,Chicago
Forest Glen,Chicago
South Lawndale,Chicago
Near North Side,Chicago
Grand Boulevard,Chicago
East Garfield Park,Chicago
Morgan Park,Chicago
Rogers Park,Chicago
Dunning,Chicago
North Lawndale,Chicago
West Lawn,Chicago
South Shore,Chicago
Beverly,Chicago
Armour Square,Chicago
Hegewisch,Chicago
Albany Park,Chicago
South Deering,Chicago
Jefferson Park,Chicago
Ashburn,Chicago
Douglas,Chicago
Greater Grand Crossing,Chicago
West Elsdon,Chicago
Austin,Chicago
Hermosa,Chicago
Norwood Park,Chicago
Garfield Ridge,Chicago
West Garfield Park,Chicago
North Park,Chicago
Mckinley Park,Chicago
Oakland,Chicago
Belmont Cragin,Chicago
Edison Park,Chicago
Brighton Park,Chicago
Archer Heights,Chicago
Englewood,Chicago
Chicago Lawn,Chicago
South Chicago,Chicago
West Englewood,Chicago
Mount Greenwood,Chicago
Chatham,Chicago
Roseland,Chicago
Montclare,Chicago
Calumet Heights,Chicago
Fuller Park,Chicago
Ohare,Chicago
West Pullman,Chicago
Auburn Gresham,Chicago
New City,Chicago
Avalon Park,Chicago
Clearing,Chicago
Burnside,Chicago
Gage Park,Chicago
Washington Heights,Chicago
East Side,Chicago
78702,Austin
78729,Austin
78704,Austin
78741,Austin
78745,Austin
78703,Austin
78757,Austin
78731,Austin
78758,Austin
78705,Austin
78727,Austin
78722,Austin
78733,Austin
78701,Austin
78723,Austin
78752,Austin
78751,Austin
78736,Austin
78732,Austin
78746,Austin
78754,Austin
78730,Austin
78724,Austin
78756,Austin
78725,Austin
78749,Austin
78759,Austin
78721,Austin
78737,Austin
78748,Austin
78734,Austin
78744,Austin
78738,Austin
78726,Austin
78753,Austin
78735,Austin
78728,Austin
78739,Austin
78750,Austin
78742,Austin
78747,Austin
78717,Austin
78712,Austin
78719,Austin
Pacific Grove,Pacific Grove
Concordia,Portland
Pearl,Portland
Reed,Portland
Goose Hollow,Portland
Sullivans Gulch,Portland
Eastmoreland,Portland
Sabin,Portland
Irvington,Portland
Richmond,Portland
Boise,Portland
Montavilla,Portland
Rose City Park,Portland
Overlook,Portland
Old Town/Chinatown,Portland
Kerns,Portland
Hosford-Abernethy,Portland
King,Portland
Mt. Tabor,Portland
Sunnyside,Portland
Hayhurst,Portland
Multnomah,Portland
Sellwood-Moreland Improvement League,Portland
Marshall Park,Portland
Northwest District,Portland
South Portland,Portland
Eliot,Portland
South Burlingame,Portland
Bridlemile,Portland
Vernon,Portland
Hillsdale,Portland
Buckman,Portland
Creston-Kenilworth,Portland
Grant Park,Portland
Homestead,Portland
Ashcreek,Portland
Parkrose Heights,Portland
Foster-Powell,Portland
Humboldt,Portland
South Tabor,Portland
Woodstock,Portland
Roseway,Portland
Parkrose,Portland
Cathedral Park,Portland
Northwest Heights,Portland
Portland Downtown,Portland
Cully,Portland
Piedmont,Portland
Woodlawn,Portland
North Tabor,Portland
Arbor Lodge,Portland
West Portland Park,Portland
Forest Park,Portland
Southwest Hills,Portland
Kenton,Portland
Brooklyn Action Corps,Portland
University Park,Portland
St. Johns,Portland
Beaumont-Wilshire,Portland
Portsmouth,Portland
Alameda,Portland
Hazelwood,Portland
Arlington Heights,Portland
Mt. Scott-Arleta,Portland
Argay,Portland
Hillside,Portland
Far Southwest,Portland
Collins View,Portland
Brentwood-Darlington,Portland
Sylvan-Highlands,Portland
Arnold Creek,Portland
Madison South,Portland
Linnton,Portland
Wilkes,Portland
Lents,Portland
Sunderland,Portland
Powellhurst-Gilbert,Portland
Ardenwald-Johnson Creek,Portland
Maplewood,Portland
Mill Park,Portland
Glenfair,Portland
Pleasant Valley,Portland
Hayden Island,Portland
Markham,Portland
Sumner,Portland
East Columbia,Portland
Russell,Portland
Crestwood,Portland
Centennial,Portland
Bridgeton,Portland
Lloyd District,Portland
Atlantic,Seattle
Wallingford,Seattle
Highland Park,Seattle
Georgetown,Seattle
Lawton Park,Seattle
Mid-Beacon Hill,Seattle
Fairmount Park,Seattle
West Woodland,Seattle
Alki,Seattle
North Queen Anne,Seattle
West Queen Anne,Seattle
Phinney Ridge,Seattle
Greenwood,Seattle
Whittier Heights,Seattle
Broadway,Seattle
First Hill,Seattle
Eastlake,Seattle
Fremont,Seattle
Stevens,Seattle
Laurelhurst,Seattle
North Admiral,Seattle
Portage Bay,Seattle
Green Lake,Seattle
Lower Queen Anne,Seattle
Crown Hill,Seattle
International District,Seattle
North Beacon Hill,Seattle
Columbia City,Seattle
Maple Leaf,Seattle
East Queen Anne,Seattle
Haller Lake,Seattle
Cedar Park,Seattle
Mann,Seattle
Madison Park,Seattle
Mount Baker,Seattle
Leschi,Seattle
Fauntleroy,Seattle
Genesee,Seattle
Central Business District,Seattle
University District,Seattle
Seward Park,Seattle
Ravenna,Seattle
Belltown,Seattle
Broadview,Seattle
Harrison/Denny-Blaine,Seattle
South Delridge,Seattle
Adams,Seattle
Bitter Lake,Seattle
Interbay,Seattle
Pioneer Square,Seattle
Madrona,Seattle
Loyal Heights,Seattle
View Ridge,Seattle
Matthews Beach,Seattle
Pike-Market,Seattle
High Point,Seattle
Gatewood,Seattle
Yesler Terrace,Seattle
North Delridge,Seattle
Rainier Beach,Seattle
Victory Heights,Seattle
Seaview,Seattle
Harbor Island,Seattle
North Beach/Blue Ridge,Seattle
Minor,Seattle
Windermere,Seattle
Bryant,Seattle
Sunset Hill,Seattle
Roosevelt,Seattle
Southeast Magnolia,Seattle
Dunlap,Seattle
Olympic Hills,Seattle
North College Park,Seattle
Riverview,Seattle
Pinehurst,Seattle
Briarcliff,Seattle
Meadowbrook,Seattle
Montlake,Seattle
Wedgwood,Seattle
Rainier View,Seattle
Westlake,Seattle
South Beacon Hill,Seattle
South Park,Seattle
Industrial District,Seattle
Arbor Heights,Seattle
South Lake Union,Seattle
Roxhill,Seattle
Holly Park,Seattle
Hennepin,Twin Cities MSA
Ramsey,Twin Cities MSA
Washington,Twin Cities MSA
Wright,Twin Cities MSA
Anoka,Twin Cities MSA
Isanti,Twin Cities MSA
Pierce,Twin Cities MSA
Dakota,Twin Cities MSA
St. Croix,Twin Cities MSA
Mille Lacs,Twin Cities MSA
Carver,Twin Cities MSA
Scott,Twin Cities MSA
Sherburne,Twin Cities MSA
Chisago,Twin Cities MSA
Le Sueur,Twin Cities MSA
Sibley,Twin Cities MSA
Hollywood,Broward County
Fort Lauderdale,Broward County
Pompano Beach,Broward County
Southwest Ranches,Broward County
Oakland Park,Broward County
Deerfield Beach,Broward County
Lauderdale By The Sea,Broward County
Coral Springs,Broward County
Lauderdale Lakes,Broward County
West Park,Broward County
Miramar,Broward County
Hallandale Beach,Broward County
Lighthouse Point,Broward County
Tribal Land,Broward County
Margate,Broward County
Sunrise,Broward County
Wilton Manors,Broward County
Pembroke Pines,Broward County
Weston,Broward County
Dania Beach,Broward County
Pembroke Park,Broward County
Coconut Creek,Broward County
Sea Ranch Lakes,Broward County
Unincorporated,Broward County
Lauderhill,Broward County
Hillsboro Beach,Broward County
Plantation,Broward County
Davie,Broward County
Parkland,Broward County
Lazy Lake,Broward County
Cooper City,Broward County
Tamarac,Broward County
North Lauderdale,Broward County
County Regional Facility,Broward County
City of Las Vegas,Clark County
City of Henderson,Clark County
City of North Las Vegas,Clark County
City of Mesquite,Clark County
Nellis AFB,Clark County
Boulder City,Clark County
East Boston,Boston
Roxbury,Boston
South Boston,Boston
Back Bay,Boston
Beacon Hill,Boston
Downtown,Boston
Jamaica Plain,Boston
Allston,Boston
Dorchester,Boston
North End,Boston
South End,Boston
Brighton,Boston
Bay Village,Boston
Charlestown,Boston
Hyde Park,Boston
Roslindale,Boston
Mission Hill,Boston
West Roxbury,Boston
Fenway,Boston
South Boston Waterfront,Boston
Chinatown,Boston
West End,Boston
Mattapan,Boston
Longwood Medical Area,Boston
Leather District,Boston
Pacifica,San Mateo County
Menlo Park,San Mateo County
Portola Valley,San Mateo County
Atherton,San Mateo County
San Carlos,San Mateo County
Half Moon Bay,San Mateo County
Redwood City,San Mateo County
Unincorporated Areas,San Mateo County
San Mateo,San Mateo County
San Bruno,San Mateo County
Burlingame,San Mateo County
Daly City,San Mateo County
Woodside,San Mateo County
South San Francisco,San Mateo County
Brisbane,San Mateo County
Foster City,San Mateo County
Belmont,San Mateo County
Hillsborough,San Mateo County
East Palo Alto,San Mateo County
Millbrae,San Mateo County
Colma,San Mateo County
